legacy_id,source_item_code,manual_code,item_type,source_number,source_text_sha256,source_status,governance_approval_status
DGI-001,DGI-01-A01,iSAFE-DGM-01,REQUIREMENT,1,9f4097d1e2f70e9dc8d8cfbfebfc9a8ddc1089b37fb2300c145758adbcc85164,SOURCE_FOUND,PENDING
DGI-002,DGI-01-A02,iSAFE-DGM-01,REQUIREMENT,2,282b68018af1f7e910bc13bf1059a83d335b2ecc97ccc37f622fb3f534262354,SOURCE_FOUND,PENDING
DGI-003,DGI-01-A03,iSAFE-DGM-01,REQUIREMENT,3,b9499e6cff006f8de6cd80c6f4c4980fea7b130d08736162d842e13a3ea1eb8f,SOURCE_FOUND,PENDING
DGI-004,DGI-01-A04,iSAFE-DGM-01,REQUIREMENT,4,6c316edd3d1c17a1dfbf80be1f782112c747aec1307f4764235f7a018bc6e0ef,SOURCE_FOUND,PENDING
DGI-005,DGI-01-A05,iSAFE-DGM-01,REQUIREMENT,5,2c043d1a5b35cbeae5382c3689bb704f1a18e22f4ce4af6ef12659718c702186,SOURCE_FOUND,PENDING
DGI-006,DGI-01-A06,iSAFE-DGM-01,REQUIREMENT,6,d99231737f9f05e43bdff61ceb9965c6de888a3e33fe5b0264ccfe9edd29f553,SOURCE_FOUND,PENDING
DGI-007,DGI-01-A07,iSAFE-DGM-01,REQUIREMENT,7,d1e04a1accdba517ee43e0907d89ce5da05a0464dd1389a998f4da7e92e089ee,SOURCE_FOUND,PENDING
DGI-008,DGI-01-E01,iSAFE-DGM-01,RISK_SIGNAL,1,11e0d866461abb2edf8c4dd5019c385f5cbf8c1ca086d48eeae54ad621f051e7,SOURCE_FOUND,PENDING
DGI-009,DGI-01-E02,iSAFE-DGM-01,RISK_SIGNAL,2,612033aa090e15e94ad3903773179464c73ee8465840c4e040fc393afc382bfb,SOURCE_FOUND,PENDING
DGI-010,DGI-01-E03,iSAFE-DGM-01,RISK_SIGNAL,3,7c377da8fae8d77cad69469ae1b19f7a93cea52985dfd81257abc504569225c8,SOURCE_FOUND,PENDING
DGI-011,DGI-01-E04,iSAFE-DGM-01,RISK_SIGNAL,4,f8bc3f6f26c735056f6648ac7199a821c0eb3ccf1a1bfcf076ee349d66dbc944,SOURCE_FOUND,PENDING
DGI-012,DGI-01-E05,iSAFE-DGM-01,RISK_SIGNAL,5,c39a716df1a2414d35d6e23813e1939d3d8856b52a48fb5a193dcae8db99da00,SOURCE_FOUND,PENDING
DGI-013,DGI-01-E06,iSAFE-DGM-01,RISK_SIGNAL,6,3698b2af1e26e80c32570fa4f3dd259e8a3c47884c21cfa65f431909915dc249,SOURCE_FOUND,PENDING
DGI-014,DGI-01-E07,iSAFE-DGM-01,RISK_SIGNAL,7,48b3a07a60a8539c75830216d3803a2a2565084d6167d9fabab993fb891d7dd9,SOURCE_FOUND,PENDING
DGI-015,DGI-01-E08,iSAFE-DGM-01,RISK_SIGNAL,8,3eefd717be5a4737bd53c3f8607b0e55cecca1373742e8eca63a9a08bf138360,SOURCE_FOUND,PENDING
DGI-016,DGI-01-P01,iSAFE-DGM-01,CONTROL,1,2b51fc63745599cb6d5e1edd5efaf46300bd7d9d1418a534fd3c63a95047b307,SOURCE_FOUND,PENDING
DGI-017,DGI-01-P02,iSAFE-DGM-01,CONTROL,2,ac0844ed2cafa271897e5c9b1e72ce8e2c362044cdb475887f5451499252ca3d,SOURCE_FOUND,PENDING
DGI-018,DGI-01-P03,iSAFE-DGM-01,CONTROL,3,9b14707da4a97a8795d4bd1e5a2986f2473b4b41454b32ee1610e972e60fe5c1,SOURCE_FOUND,PENDING
DGI-019,DGI-01-P04,iSAFE-DGM-01,CONTROL,4,2509a83dcb482afb46a2c956e2be33db5e218e89749f7d72175ab1339bc39240,SOURCE_FOUND,PENDING
DGI-020,DGI-01-P05,iSAFE-DGM-01,CONTROL,5,bd8386565f41169f3fe11ac55f8dfbba8f7310c7c310e4cf496b71455014d6c5,SOURCE_FOUND,PENDING
DGI-021,DGI-01-P06,iSAFE-DGM-01,CONTROL,6,15ff76eb57ba9cc934808d0d47225480f0b8b83c1ceb0bf8deae2e8098830dea,SOURCE_FOUND,PENDING
DGI-022,DGI-01-P07,iSAFE-DGM-01,CONTROL,7,aa36991992201f7751070974d97b0b83f4f5d9977c40afb949a1f8e241677da9,SOURCE_FOUND,PENDING
DGI-023,DGI-02-A01,iSAFE-DGM-02,REQUIREMENT,1,0b755fb064d17ebe20bd5a98f45666183526f2e0ae15910549aed4f1fecce1fe,SOURCE_FOUND,PENDING
DGI-024,DGI-02-A02,iSAFE-DGM-02,REQUIREMENT,2,82e2fa66673490fcb4b27f9f364a7675d84a6f774f607aaaa336b8aa89ea3eb7,SOURCE_FOUND,PENDING
DGI-025,DGI-02-A03,iSAFE-DGM-02,REQUIREMENT,3,e7d7d4dbc1bb98a88929cf8e8553f9542380b14e665005c762fa486f1f4f002e,SOURCE_FOUND,PENDING
DGI-026,DGI-02-A04,iSAFE-DGM-02,REQUIREMENT,4,4a5e0a4dc009cbb1de011898dc23ea2787808b3301eeaa7da4174d54396a8442,SOURCE_FOUND,PENDING
DGI-027,DGI-02-A05,iSAFE-DGM-02,REQUIREMENT,5,ebd5e7415599dddaad20dfa2ab8421409a6a87e255b65ae1cb0e279f964b7130,SOURCE_FOUND,PENDING
DGI-028,DGI-02-A06,iSAFE-DGM-02,REQUIREMENT,6,f435b0ed3fe48f72653fbd93092c4f50e054010b456208f58aca4a1dbd4b5e8d,SOURCE_FOUND,PENDING
DGI-029,DGI-02-E01,iSAFE-DGM-02,RISK_SIGNAL,1,496b00c9fab3685631faf8cc9f9910f6b7ba6e2fcda95415118193b506e8b5bd,SOURCE_FOUND,PENDING
DGI-030,DGI-02-E02,iSAFE-DGM-02,RISK_SIGNAL,2,3eeb138a8928362d1bfa6fb6a79aa0f54fca85389ab4d53b3ff1eb3fe1ef5898,SOURCE_FOUND,PENDING
DGI-031,DGI-02-E03,iSAFE-DGM-02,RISK_SIGNAL,3,bd3734351e8a895e87f8de57a068b09519c23ff01e5cae308cf2549a4f2fb5fd,SOURCE_FOUND,PENDING
DGI-032,DGI-02-E04,iSAFE-DGM-02,RISK_SIGNAL,4,c38c1a394eefd6ae6d3b2c7343f660b3d1093ac43c1e2b69dacbb4c11bf31abe,SOURCE_FOUND,PENDING
DGI-033,DGI-02-E05,iSAFE-DGM-02,RISK_SIGNAL,5,00df85d92322dd1eae6b6fab4a1080e2ef68dc4bb9c94722f3d5b89f5aef325b,SOURCE_FOUND,PENDING
DGI-034,DGI-02-P01,iSAFE-DGM-02,CONTROL,1,ff36fc88a4a6e9a46a0a58dfceb3549bbd95269b533683236cc131146e8a13ae,SOURCE_FOUND,PENDING
DGI-035,DGI-02-P02,iSAFE-DGM-02,CONTROL,2,0ae8771fb76a6973e18d4221c901119bc0ff55e92307f16860d1b5720109e593,SOURCE_FOUND,PENDING
DGI-036,DGI-02-P03,iSAFE-DGM-02,CONTROL,3,53a5e37ae3a7612570a372b2e0ce52b027095113eb1fab130d21dbc8e5b8d8e3,SOURCE_FOUND,PENDING
DGI-037,DGI-02-P04,iSAFE-DGM-02,CONTROL,4,302091b1b66dc409ecd136a9fa57b536a2a1abe42bd7ac798346741979cf6ec7,SOURCE_FOUND,PENDING
DGI-038,DGI-02-P05,iSAFE-DGM-02,CONTROL,5,bb48eaf4fdd44042d355148e17987d675bc4b185c2f655fcfdb7e3e82cb41f45,SOURCE_FOUND,PENDING
DGI-039,DGI-03-A01,iSAFE-DGM-03,REQUIREMENT,1,37b53b8ce58c3bac66ee2789deb60d7cf96c8e4ae98d0b5f5b369b79ce60c91b,SOURCE_FOUND,PENDING
DGI-040,DGI-03-A02,iSAFE-DGM-03,REQUIREMENT,2,08e21147c4a8908012b348e09f778b40357f43860a9914b3ffcaae66ba9770c7,SOURCE_FOUND,PENDING
DGI-041,DGI-03-A03,iSAFE-DGM-03,REQUIREMENT,3,68452791962e62f9f58c6701698b1d784c2a219a842860b1041fefcbd12798cf,SOURCE_FOUND,PENDING
DGI-042,DGI-03-A04,iSAFE-DGM-03,REQUIREMENT,4,4b64bfc6261813bb3112a723fa1013820ea5f7bb8efc93e3810ffd45b4731a24,SOURCE_FOUND,PENDING
DGI-043,DGI-03-A05,iSAFE-DGM-03,REQUIREMENT,5,97b9bda22df1e6292ec182cad00e419028181deceb7eb8d9f1e0061c0c188c9b,SOURCE_FOUND,PENDING
DGI-044,DGI-03-E01,iSAFE-DGM-03,RISK_SIGNAL,1,117ff27439943ea36769778467032c85a0288d5ddcc6e776c6f1439c436e2dfd,SOURCE_FOUND,PENDING
DGI-045,DGI-03-E02,iSAFE-DGM-03,RISK_SIGNAL,2,05a74d6e2639b4eb0fa445cfed795821c3e170f4b556c92f49840a539d10c042,SOURCE_FOUND,PENDING
DGI-046,DGI-03-E03,iSAFE-DGM-03,RISK_SIGNAL,3,4707c0c08895584b6484082b14c48bb39adc4247fd737598a2cf78bf1bcc513f,SOURCE_FOUND,PENDING
DGI-047,DGI-03-E04,iSAFE-DGM-03,RISK_SIGNAL,4,69e5bff0ed15f062943d3e515693001e91b18437704334ff88b51d91beab9233,SOURCE_FOUND,PENDING
DGI-048,DGI-03-P01,iSAFE-DGM-03,CONTROL,1,ecd7908dd003f5e572ad19420299d6f519f29f677acffb9c4e5b8a860feb8f82,SOURCE_FOUND,PENDING
DGI-049,DGI-03-P02,iSAFE-DGM-03,CONTROL,2,68b1526486761de66fc071706435a08ec41fb4362f42a0ef8b6982b689214475,SOURCE_FOUND,PENDING
DGI-050,DGI-03-P03,iSAFE-DGM-03,CONTROL,3,87378cffde465deddb60463a847b41f977f7a88f7fe724c805e3f7c5ca0b39d4,SOURCE_FOUND,PENDING
DGI-051,DGI-03-P04,iSAFE-DGM-03,CONTROL,4,1d8d134c96d2d56dcc68f8646a5726cde5d66bb39e45e568d3cc5f3ec4a9bc29,SOURCE_FOUND,PENDING
DGI-052,DGI-04-A01,iSAFE-DGM-04,REQUIREMENT,1,32b26b448878ebe67682e01ebcfa9e2138974819b1af7825b2a8c81f37b83e40,SOURCE_FOUND,PENDING
DGI-053,DGI-04-A02,iSAFE-DGM-04,REQUIREMENT,2,d0577682f2675d6a51f6ad71a77298453691ed0808b36cc48ca933c4754b148f,SOURCE_FOUND,PENDING
DGI-054,DGI-04-A03,iSAFE-DGM-04,REQUIREMENT,3,faf27ee64e05cb5f54f7a1a4b486aa2df1612640f194c07c1959ee49cedd248d,SOURCE_FOUND,PENDING
DGI-055,DGI-04-A04,iSAFE-DGM-04,REQUIREMENT,4,7b3e75dc4b54089d7cef06b6dc1b730cc7f1d1842d335eb229fb46aa440da616,SOURCE_FOUND,PENDING
DGI-056,DGI-04-A05,iSAFE-DGM-04,REQUIREMENT,5,f8000142f612d6ecd5824dfe2c5f046d2371df9b312754e32ca65405708d073c,SOURCE_FOUND,PENDING
DGI-057,DGI-04-E01,iSAFE-DGM-04,RISK_SIGNAL,1,3b35a5abff171a64a41f7f07d6db451b19d4dc12352f9d514207a08ccac56535,SOURCE_FOUND,PENDING
DGI-058,DGI-04-E02,iSAFE-DGM-04,RISK_SIGNAL,2,a847a2434de76e1f2ea20fed59e49c134fc6c42e90cb57c40da09de96cbf6abb,SOURCE_FOUND,PENDING
DGI-059,DGI-04-E03,iSAFE-DGM-04,RISK_SIGNAL,3,94cd6c7cccc6ab6dd24ac0efeb8b24ea994c2bccb7ea5fa981f0368b7286a937,SOURCE_FOUND,PENDING
DGI-060,DGI-04-E04,iSAFE-DGM-04,RISK_SIGNAL,4,f1ca512af30566bfbe932472887f3736894d99a9f7ea77c12f4f2807bd657b63,SOURCE_FOUND,PENDING
DGI-061,DGI-04-P01,iSAFE-DGM-04,CONTROL,1,6245fffdb6b369f6704d7016a5a5db874f0b549fc2647fbe8e6ade9e5367caad,SOURCE_FOUND,PENDING
DGI-062,DGI-04-P02,iSAFE-DGM-04,CONTROL,2,80c8f0211d09c0185f166e1f7ceba30c5457f67ce01986b909949ce3cc348a16,SOURCE_FOUND,PENDING
DGI-063,DGI-04-P03,iSAFE-DGM-04,CONTROL,3,784f32a7066c52d50e09b073cf904c25f4d7bc6e8f53aa3d56c1c5dedac8257a,SOURCE_FOUND,PENDING
DGI-064,DGI-04-P04,iSAFE-DGM-04,CONTROL,4,c9122b2ea071c8b9ca411a57dc7bd941481d193a9f3d1a4ff23f6957f56a5869,SOURCE_FOUND,PENDING
DGI-065,DGI-05-A01,iSAFE-DGM-05,REQUIREMENT,1,5b9cfc64a6b4c42f974d83d5baa5cfd6c9580b906365ce01760f8421755c80f0,SOURCE_FOUND,PENDING
DGI-066,DGI-05-A02,iSAFE-DGM-05,REQUIREMENT,2,ffd17779709c9b7443249b3daa2ffae4aa0361edd838593a86cabf8455cd5a3c,SOURCE_FOUND,PENDING
DGI-067,DGI-05-A03,iSAFE-DGM-05,REQUIREMENT,3,0cf2caf75045c785f038248a97b5d1e312eb9b721c03085dbc35ee5ba52e40a9,SOURCE_FOUND,PENDING
DGI-068,DGI-05-A04,iSAFE-DGM-05,REQUIREMENT,4,20d7b0932f41ed2a1ebcdd96ee76459e0ec59606d42e5fa45a2666b336c46591,SOURCE_FOUND,PENDING
DGI-069,DGI-05-A05,iSAFE-DGM-05,REQUIREMENT,5,2e2f499b5d7db2e5c4d404c995edc38da1a1ada752fca340780806ccad45a26d,SOURCE_FOUND,PENDING
DGI-070,DGI-05-E01,iSAFE-DGM-05,RISK_SIGNAL,1,a043120cdd08e832e4ced5a792c5545ace84eb3071cce756be2efdc9731759e8,SOURCE_FOUND,PENDING
DGI-071,DGI-05-E02,iSAFE-DGM-05,RISK_SIGNAL,2,01860b1b92b7fe07b9495248c325465dd0cb05262f0c313697391f5d949bbc30,SOURCE_FOUND,PENDING
DGI-072,DGI-05-E03,iSAFE-DGM-05,RISK_SIGNAL,3,8ff047b44615af62aa5cd141157c8b025f89dc4c8f28560cfbe74cc1cc3206d7,SOURCE_FOUND,PENDING
DGI-073,DGI-05-E04,iSAFE-DGM-05,RISK_SIGNAL,4,a5ae56f4998ba36e09746e88049a62f6376c3dd9c006b474add12e1a3040813e,SOURCE_FOUND,PENDING
DGI-074,DGI-05-E05,iSAFE-DGM-05,RISK_SIGNAL,5,b682f2b68ab288630b855d4d8f420b3105102e706889c7e22a16f9d8f95a60a7,SOURCE_FOUND,PENDING
DGI-075,DGI-05-P01,iSAFE-DGM-05,CONTROL,1,a3c788a4b1a35feebcfea18408056096a1c3e320c951b2e3610a98d7424b517d,SOURCE_FOUND,PENDING
DGI-076,DGI-05-P02,iSAFE-DGM-05,CONTROL,2,f5d3c6c37e12c35b2b7ad294dfada975acd0b900c7b07603a2728ee723cb8db3,SOURCE_FOUND,PENDING
DGI-077,DGI-05-P03,iSAFE-DGM-05,CONTROL,3,1dba93d4df8d3232e824b2ec4a17a41bc3cf486aa5cff2b712568917c8e322ba,SOURCE_FOUND,PENDING
DGI-078,DGI-05-P04,iSAFE-DGM-05,CONTROL,4,ed82b94b775955df7b41bf23a07e7bf151dd5d3c137c1e4b5d33c9e172c1dc88,SOURCE_FOUND,PENDING
DGI-079,DGI-05-P05,iSAFE-DGM-05,CONTROL,5,3459b273cdb87f0630de635173cdf215376d76065efbd71bfdc16f3518d6d3c9,SOURCE_FOUND,PENDING
DGI-080,DGI-05-P06,iSAFE-DGM-05,CONTROL,6,be8c896ffe48898917cc4cb5ebc95ca5b0289fdeed8430d852360a61803f917b,SOURCE_FOUND,PENDING
DGI-081,DGI-06-A01,iSAFE-DGM-06,REQUIREMENT,1,792cec2becf48852c59f0607b5fd8df1f6bfb644406ced69223d6883a00adf12,SOURCE_FOUND,PENDING
DGI-082,DGI-06-A02,iSAFE-DGM-06,REQUIREMENT,2,1db49a29ce22dc5b708cbb80b4332a16abf3943fe498ea50dff469afc08e9514,SOURCE_FOUND,PENDING
DGI-083,DGI-06-A03,iSAFE-DGM-06,REQUIREMENT,3,b47d869c5bb6cb9bf3014eca52a3aa40161418224c06a2985375a2222be17e57,SOURCE_FOUND,PENDING
DGI-084,DGI-06-A04,iSAFE-DGM-06,REQUIREMENT,4,c0fb152fab137442d72842517284268acf3c84898086efefddec4e564bc1ed71,SOURCE_FOUND,PENDING
DGI-085,DGI-06-A05,iSAFE-DGM-06,REQUIREMENT,5,70b8d4a903024ac3a84151d348dba6e76cde124c21b9463588ad7e9efca00c94,SOURCE_FOUND,PENDING
DGI-086,DGI-06-E01,iSAFE-DGM-06,RISK_SIGNAL,1,2b8b740e87e472b67a821f9da900e1c2f0bddf7f7c94ed2e6593dea92bb85dda,SOURCE_FOUND,PENDING
DGI-087,DGI-06-E02,iSAFE-DGM-06,RISK_SIGNAL,2,ee819826a48704d416f333bd9e157dd667817cfde24c4831cc40fcb3ece2c020,SOURCE_FOUND,PENDING
DGI-088,DGI-06-E03,iSAFE-DGM-06,RISK_SIGNAL,3,62dea06d3311692600da3d6ff6314ea3565602d7a4b2bcbdb05347b3aff6fd3a,SOURCE_FOUND,PENDING
DGI-089,DGI-06-E04,iSAFE-DGM-06,RISK_SIGNAL,4,4bccc652581a0e600334b78c689760f98cbc0235757e7a4d2f0249aa0ad0c54a,SOURCE_FOUND,PENDING
DGI-090,DGI-06-P01,iSAFE-DGM-06,CONTROL,1,8b769393e64ca72f6a4314d9182096a0a7844188e72f44b42552291794ff23f8,SOURCE_FOUND,PENDING
DGI-091,DGI-06-P02,iSAFE-DGM-06,CONTROL,2,c3f786bbaa0856f9ec343b3426613f08035ed078d8cf8ecfab85ad5d528d7273,SOURCE_FOUND,PENDING
DGI-092,DGI-06-P03,iSAFE-DGM-06,CONTROL,3,55ff9c04688e6b9c844513876cf21788f2a128bcbe261654a6b4b9b206ecfc76,SOURCE_FOUND,PENDING
DGI-093,DGI-06-P04,iSAFE-DGM-06,CONTROL,4,66a88fd23152e34386de1249cd2f0863a943b5da8ccb258c1911514a71f0cdf1,SOURCE_FOUND,PENDING
DGI-094,DGI-07-A01,iSAFE-DGM-07,REQUIREMENT,1,210dec9070c035289d9a4bdbf25eb77fa8cdcd57b6bb79939bebf29acbf580c7,SOURCE_FOUND,PENDING
DGI-095,DGI-07-A02,iSAFE-DGM-07,REQUIREMENT,2,b3989f2cee1e05feea503f91cf84e358249540f803994283075fb10932d84d48,SOURCE_FOUND,PENDING
DGI-096,DGI-07-A03,iSAFE-DGM-07,REQUIREMENT,3,b934e54a5d9cfb8d31f5bc7b7908523c5f320c0725c9778c360c93f3f169478d,SOURCE_FOUND,PENDING
DGI-097,DGI-07-A04,iSAFE-DGM-07,REQUIREMENT,4,e38977d5061af4e13cb8359be24af952b014ddcc1d20cc7b6f7f1da43abd55ac,SOURCE_FOUND,PENDING
DGI-098,DGI-07-A05,iSAFE-DGM-07,REQUIREMENT,5,18fae3a9f7da386ff88c58bb815576ee61f9a5bfbe53875c5fd1b4c0d1c19486,SOURCE_FOUND,PENDING
DGI-099,DGI-07-E01,iSAFE-DGM-07,RISK_SIGNAL,1,224900c3d05798b5e6c53c9cb4d0cf3f1e3ff752a1e5ca9f7c3592b2f7ed99dd,SOURCE_FOUND,PENDING
DGI-100,DGI-07-E02,iSAFE-DGM-07,RISK_SIGNAL,2,847099b028a603cc982d52ade03414d04a77d01554bb0373cac1b96ec10494b6,SOURCE_FOUND,PENDING
DGI-101,DGI-07-E03,iSAFE-DGM-07,RISK_SIGNAL,3,7b402fa35f8e958025ac23cd0c6448b42581bf23e8083b97f192f18590f0ccbc,SOURCE_FOUND,PENDING
DGI-102,DGI-07-E04,iSAFE-DGM-07,RISK_SIGNAL,4,9b84e2484789665196b504c5d33223d078279319c980ccd5d0a729c6fa5aa180,SOURCE_FOUND,PENDING
DGI-103,DGI-07-E05,iSAFE-DGM-07,RISK_SIGNAL,5,f8ebcf579fed32ac43cedef14d450ec991129f495e8ffac4ca3180954840aaed,SOURCE_FOUND,PENDING
DGI-104,DGI-07-P01,iSAFE-DGM-07,CONTROL,1,f5a703dd9fa45a692050ca4b9f60e371499040c99be47e904362773068ef373d,SOURCE_FOUND,PENDING
DGI-105,DGI-07-P02,iSAFE-DGM-07,CONTROL,2,df9464a074f13429b86dd25bd67b76e67799f5bbb525bdab24f87261fa51bb8e,SOURCE_FOUND,PENDING
DGI-106,DGI-07-P03,iSAFE-DGM-07,CONTROL,3,0a4df84ec40d5ca23c3be8072f7bb7f02d49258b026ebe1774b63bc19c962d3d,SOURCE_FOUND,PENDING
DGI-107,DGI-07-P04,iSAFE-DGM-07,CONTROL,4,f3a576c2ea248349241c39caaf6685e858e94513febd20a4dfe04275c9c46aed,SOURCE_FOUND,PENDING
DGI-108,DGI-07-P05,iSAFE-DGM-07,CONTROL,5,1abf73c0f04204fd5dcce2987738509a842a5b493a663ed1620a0d6e8b2f2b90,SOURCE_FOUND,PENDING
DGI-109,DGI-08-A01,iSAFE-DGM-08,REQUIREMENT,1,017ac23f077694834a257ab77af0259b6379601a1c4df17f600857bc955d698e,SOURCE_FOUND,PENDING
DGI-110,DGI-08-A02,iSAFE-DGM-08,REQUIREMENT,2,fbdfb05f32b39438844adb5a68e8869efa5efca82b1ea38acfd6218647c99efe,SOURCE_FOUND,PENDING
DGI-111,DGI-08-A03,iSAFE-DGM-08,REQUIREMENT,3,7417ad36f153563230c4ea9aaf9c947515dbe021139d8e80eb7466b3a3c17b2b,SOURCE_FOUND,PENDING
DGI-112,DGI-08-A04,iSAFE-DGM-08,REQUIREMENT,4,22b04a2549eec3386c9be6f6961157608559cf17e0730b70c5ac3a8ce5cfa390,SOURCE_FOUND,PENDING
DGI-113,DGI-08-A05,iSAFE-DGM-08,REQUIREMENT,5,c46c3fc3d955d7f3ccd39ffb7cd2e76040d8e388eb3bbc1689d279a78a1c03e5,SOURCE_FOUND,PENDING
DGI-114,DGI-08-E01,iSAFE-DGM-08,RISK_SIGNAL,1,bb447f11685fdf2d5ca13db19489b8352ffceb87ec726e582936f47312507f48,SOURCE_FOUND,PENDING
DGI-115,DGI-08-E02,iSAFE-DGM-08,RISK_SIGNAL,2,bd3b0b1c6a6e6b343707e161fbede0815402a0f851c6abfa10ed7321a24cf428,SOURCE_FOUND,PENDING
DGI-116,DGI-08-E03,iSAFE-DGM-08,RISK_SIGNAL,3,139f6c0704c85a5de284c06192a34707ae65d5bb1389f867902f61ca90b74646,SOURCE_FOUND,PENDING
DGI-117,DGI-08-E04,iSAFE-DGM-08,RISK_SIGNAL,4,5c927875e4c940fe1b77ac13cd558470ce1fd1ee43b4ab0369aac11cf0ea3431,SOURCE_FOUND,PENDING
DGI-118,DGI-08-E05,iSAFE-DGM-08,RISK_SIGNAL,5,f10a4c609fb07bd402a3c8a20e0f0e80293d8555f31d0741a4b2d8b9f034d187,SOURCE_FOUND,PENDING
DGI-119,DGI-08-P01,iSAFE-DGM-08,CONTROL,1,826570ceb287c16c5d496c82633677b3abc2ef7f821877505ab29142be555b25,SOURCE_FOUND,PENDING
DGI-120,DGI-08-P02,iSAFE-DGM-08,CONTROL,2,4f690cbe95f37b8d7ee6656645fb96eb0dfca1c5b4458b2552fc915ea8f94482,SOURCE_FOUND,PENDING
DGI-121,DGI-08-P03,iSAFE-DGM-08,CONTROL,3,2e7af12148d4e5fddd51d55f572a16a244d15bef2b5d6baee14c4c558476b917,SOURCE_FOUND,PENDING
DGI-122,DGI-08-P04,iSAFE-DGM-08,CONTROL,4,a4880c86d8f1feeb124ca9adb9204fcf7ed0ddeab88c934c69421da4c4436193,SOURCE_FOUND,PENDING
DGI-123,DGI-08-P05,iSAFE-DGM-08,CONTROL,5,cea704bda841f745fff48f822fef7f468d7e26eb8bfc8fe2d8374d8e31f74248,SOURCE_FOUND,PENDING
DGI-124,DGI-09-A01,iSAFE-DGM-09,REQUIREMENT,1,97fb763d70a64b698b03de30abe319739aedbdea076b28f2fae6dabc7f35a9f2,SOURCE_FOUND,PENDING
DGI-125,DGI-09-A02,iSAFE-DGM-09,REQUIREMENT,2,ac8d9e7e4b757b63f82e0739460723f53c09423c4aa3ed268f38e170ca965b4d,SOURCE_FOUND,PENDING
DGI-126,DGI-09-A03,iSAFE-DGM-09,REQUIREMENT,3,eab792aafd0b71acc0736f523746283fd4c88bcaf1f536dafbcf4fe038538eae,SOURCE_FOUND,PENDING
DGI-127,DGI-09-A04,iSAFE-DGM-09,REQUIREMENT,4,a4d4f015119dfa7a217b33ff2a06dd1a0dc88abfd516ea987262130e8e1cd418,SOURCE_FOUND,PENDING
DGI-128,DGI-09-A05,iSAFE-DGM-09,REQUIREMENT,5,1be4ad9df04b90c84a73aa66affb76a7c6e2729cbb32a3c3ddedf74b43874c70,SOURCE_FOUND,PENDING
DGI-129,DGI-09-A06,iSAFE-DGM-09,REQUIREMENT,6,50c79a3a2a0d033bfe6cbb49a09248a78aad8985097d2fa75f3a63cd603417f8,SOURCE_FOUND,PENDING
DGI-130,DGI-09-E01,iSAFE-DGM-09,RISK_SIGNAL,1,20421dba07b0fe8900b3d407e5389e21a7f805e480d9da5927ded243c890f7c0,SOURCE_FOUND,PENDING
DGI-131,DGI-09-E02,iSAFE-DGM-09,RISK_SIGNAL,2,89c7a1c0117bb97cce9023aa510054621abba2f5c298c07a1a8320543a75eceb,SOURCE_FOUND,PENDING
DGI-132,DGI-09-E03,iSAFE-DGM-09,RISK_SIGNAL,3,209d2151cf704c1dd38d68d30e0582f934a6f63aadea584942f9c4069351a599,SOURCE_FOUND,PENDING
DGI-133,DGI-09-E04,iSAFE-DGM-09,RISK_SIGNAL,4,f6df9ddcf1a51b9e67f6505255c5a55ef9cbb5d709769c4b5bffeace98b2e8aa,SOURCE_FOUND,PENDING
DGI-134,DGI-09-E05,iSAFE-DGM-09,RISK_SIGNAL,5,a051e710e6ac71aa1ef776fde8e2761b17d63adf2d39988461a9f0a107e460ed,SOURCE_FOUND,PENDING
DGI-135,DGI-09-P01,iSAFE-DGM-09,CONTROL,1,24075d2999593c71f9e5ee4e25977efaad049ba17ac6b1d83e7b2bf8c250de49,SOURCE_FOUND,PENDING
DGI-136,DGI-09-P02,iSAFE-DGM-09,CONTROL,2,91fb037e6bc62819836337f453205a3c44a8a11cdd3224c4dcf61bd01f21b9a1,SOURCE_FOUND,PENDING
DGI-137,DGI-09-P03,iSAFE-DGM-09,CONTROL,3,d63ccdf7ffe0056efa49757f0e44af162e943c41740e113857d3f522e9133a6b,SOURCE_FOUND,PENDING
DGI-138,DGI-09-P04,iSAFE-DGM-09,CONTROL,4,8580e17928ff822ce94c7d8a85df1a3ca15951866841dd31bfe91f6429d887bb,SOURCE_FOUND,PENDING
DGI-139,DGI-09-P05,iSAFE-DGM-09,CONTROL,5,4892dd661adbcf382d44c923a25f9b1e87d4a177151d22ea5a3ae9ea4d09f2fa,SOURCE_FOUND,PENDING
DGI-140,DGI-09-P06,iSAFE-DGM-09,CONTROL,6,17d9f24b0c43ea3b198f4e83b323505bab3ed67875b31ded7cb355f647c066fb,SOURCE_FOUND,PENDING
DGI-141,DGI-10-A01,iSAFE-DGM-10,REQUIREMENT,1,1836c5d43604b43e154ff94f091ca191dcf69ee0d40a6847b5b8d724d8c95158,SOURCE_FOUND,PENDING
DGI-142,DGI-10-A02,iSAFE-DGM-10,REQUIREMENT,2,0a0b7b63db4bb9d6dac5a29341cdce3ddf5b8262852d9c0110e343771a21cee6,SOURCE_FOUND,PENDING
DGI-143,DGI-10-A03,iSAFE-DGM-10,REQUIREMENT,3,cfb12c892c2cdc2f95b99b062cb24cd1682643017931303badb7535c3afac905,SOURCE_FOUND,PENDING
DGI-144,DGI-10-A04,iSAFE-DGM-10,REQUIREMENT,4,7dae4fac6c16d48a4d7570f961f0110f9dea24a3f699577ced3fcddf7f10bab3,SOURCE_FOUND,PENDING
DGI-145,DGI-10-A05,iSAFE-DGM-10,REQUIREMENT,5,7660bbe1440261f4d4507c39e00190ed1cbda2dbab8d49ee19a7a703836c7336,SOURCE_FOUND,PENDING
DGI-146,DGI-10-E01,iSAFE-DGM-10,RISK_SIGNAL,1,26839026b3edecaee8242a54f270603b1cccaa3f5bcf9b96589c0693aa8197b6,SOURCE_FOUND,PENDING
DGI-147,DGI-10-E02,iSAFE-DGM-10,RISK_SIGNAL,2,c363a13539167815377607846d7b98596d91a9e9cfa85f33aa9dc45857abe524,SOURCE_FOUND,PENDING
DGI-148,DGI-10-E03,iSAFE-DGM-10,RISK_SIGNAL,3,0676de0664b2b41093a0795b8a97bda6dddbd2836db9614742c2a08ef4543f8d,SOURCE_FOUND,PENDING
DGI-149,DGI-10-E04,iSAFE-DGM-10,RISK_SIGNAL,4,b5df0610ea261d727ceebc62dce9be4824519503dffd8fa74bc57d50dcfe23b5,SOURCE_FOUND,PENDING
DGI-150,DGI-10-P01,iSAFE-DGM-10,CONTROL,1,73c9d02bd8cd8d8b140a41dfe3e2555ea79c2e41f51639cf0734762407e7e29b,SOURCE_FOUND,PENDING
DGI-151,DGI-10-P02,iSAFE-DGM-10,CONTROL,2,2de37549e5e915d3fff738c1a864e77dcc1f4931e4b596cd18ed9f0a81e6968d,SOURCE_FOUND,PENDING
DGI-152,DGI-10-P03,iSAFE-DGM-10,CONTROL,3,8cb1e0ceee9944b5d2300920f189ffc95f5112e81c1f73eebdee36994b250e93,SOURCE_FOUND,PENDING
DGI-153,DGI-10-P04,iSAFE-DGM-10,CONTROL,4,263ee7d350c320098a9f0bf6e6299747d5d3464abb3fd3c7531d7990e9f1b65b,SOURCE_FOUND,PENDING
DGI-154,DGI-10-P05,iSAFE-DGM-10,CONTROL,5,a7b667e2bf0a686d67f78dd8fd0fa847c4739e66180fa6d9ea0df9205ee6c02f,SOURCE_FOUND,PENDING
DGI-155,DGI-11-A01,iSAFE-DGM-11,REQUIREMENT,1,a504f04974d5e48805adf58530e6f78a0dd6a60eb3054b093985e569469b6f3c,SOURCE_FOUND,PENDING
DGI-156,DGI-11-A02,iSAFE-DGM-11,REQUIREMENT,2,ae0aaa00bd16bf5f7a2e099f1fd55018d8dd1e84bfeb7941dac2b06d10f9fde7,SOURCE_FOUND,PENDING
DGI-157,DGI-11-A03,iSAFE-DGM-11,REQUIREMENT,3,b1eb1d3e3adefe961780dbf53bba23b41c7aa85c26804fe302df02a1e41f18b2,SOURCE_FOUND,PENDING
DGI-158,DGI-11-A04,iSAFE-DGM-11,REQUIREMENT,4,3ab90a404adab1eec3ae756acbafde32d02d7f4da1b0227194a327185cfae86f,SOURCE_FOUND,PENDING
DGI-159,DGI-11-A05,iSAFE-DGM-11,REQUIREMENT,5,0dfc4476910d6733526211a150c9e58086a8a09e753b56f384f7be89c3ddafaa,SOURCE_FOUND,PENDING
DGI-160,DGI-11-A06,iSAFE-DGM-11,REQUIREMENT,6,b10dad90bcf0b30fbc6c6ca22bd8bd29cc3b6d722526b48324e8c0e147b68a08,SOURCE_FOUND,PENDING
DGI-161,DGI-11-A07,iSAFE-DGM-11,REQUIREMENT,7,60e216d925c9ba4d7d35318de78ba721d5adcfe519678c69b480084f0c0a691d,SOURCE_FOUND,PENDING
DGI-162,DGI-11-E01,iSAFE-DGM-11,RISK_SIGNAL,1,3b210c7579c0b894b51a24055266f42adf2e42b5df62bef1d84df91baf305860,SOURCE_FOUND,PENDING
DGI-163,DGI-11-E02,iSAFE-DGM-11,RISK_SIGNAL,2,a1bc0ef7b6484fe4894eccea55e583f8777bff4459876e63b52d319c19b37fec,SOURCE_FOUND,PENDING
DGI-164,DGI-11-E03,iSAFE-DGM-11,RISK_SIGNAL,3,ee1b6d346899d642fc285023641f6fd7ccb4c4cfae9b28e19b2ffa83d5813c9c,SOURCE_FOUND,PENDING
DGI-165,DGI-11-E04,iSAFE-DGM-11,RISK_SIGNAL,4,43e074eeebad9032dbf87bf69a07d3961c91684111d2d32f728f1c4889bc63bc,SOURCE_FOUND,PENDING
DGI-166,DGI-11-E05,iSAFE-DGM-11,RISK_SIGNAL,5,d6d9b0c8e8e78fe0f9c1985ee5b560e21331a2f4b4e59c60ab5c3ce15b2249a6,SOURCE_FOUND,PENDING
DGI-167,DGI-11-E06,iSAFE-DGM-11,RISK_SIGNAL,6,4c34db3181bf78a4cd16b27cd0a3828780eb01c2185e27b17a7bf6ceb231899e,SOURCE_FOUND,PENDING
DGI-168,DGI-11-E07,iSAFE-DGM-11,RISK_SIGNAL,7,6ce5dd0338f25457620c1cfa7f66d0247fba8588be00ff9600dca8369e3f3fd5,SOURCE_FOUND,PENDING
DGI-169,DGI-11-P01,iSAFE-DGM-11,CONTROL,1,4c5300d06baebafaa78a0b095a04d1369bf5dd8b57383eb6cdaa295f6e388837,SOURCE_FOUND,PENDING
DGI-170,DGI-11-P02,iSAFE-DGM-11,CONTROL,2,68ebb872d855055ab3ebb928313656640583e76cf77f94e50bc98e2cb6680a10,SOURCE_FOUND,PENDING
DGI-171,DGI-11-P03,iSAFE-DGM-11,CONTROL,3,571fbc16d98f1d7a48202f702ec9aac90b18e6bed4483481523dfd7f0a4069a7,SOURCE_FOUND,PENDING
DGI-172,DGI-11-P04,iSAFE-DGM-11,CONTROL,4,fbce1b5182c0b9dfb11d2fb5d9bb8eff4eec2d8a30e2b702d88c1625ed780781,SOURCE_FOUND,PENDING
DGI-173,DGI-11-P05,iSAFE-DGM-11,CONTROL,5,5544cabc51f08162f1008ffdb81e05e83c2992189488884f8520fe2ed1edf722,SOURCE_FOUND,PENDING
DGI-174,DGI-11-P06,iSAFE-DGM-11,CONTROL,6,fc8502b568e4c25dc345f1e4320b1ff38f82d0cf56c06fa57124a06db3712f33,SOURCE_FOUND,PENDING
DGI-175,DGI-11-P07,iSAFE-DGM-11,CONTROL,7,0a6fa39de75abd92117fcae027011d175c841e6661ffc1ad47b85321139ddc79,SOURCE_FOUND,PENDING
DGI-176,DGI-12-A01,iSAFE-DGM-12,REQUIREMENT,1,7d00a5f6f028624e4ad2160f84455afec3de60db046caedea0b65d9c72fe21e2,SOURCE_FOUND,PENDING
DGI-177,DGI-12-A02,iSAFE-DGM-12,REQUIREMENT,2,be122f63e4d0418f3fe03214b68b81d1cec59f8f5b81792f6271eb67c7b6f531,SOURCE_FOUND,PENDING
DGI-178,DGI-12-A03,iSAFE-DGM-12,REQUIREMENT,3,53642d0663cb6c22d672b722b8527306ee49c38c7451b7ed8a40c9bf088d0134,SOURCE_FOUND,PENDING
DGI-179,DGI-12-A04,iSAFE-DGM-12,REQUIREMENT,4,edcac4a394d9a7e5bb2f02ba7988230e47c273ce50fcffc56649e0966aecab6f,SOURCE_FOUND,PENDING
DGI-180,DGI-12-A05,iSAFE-DGM-12,REQUIREMENT,5,40e74ceb2af22abc14591b065aa42745e95b5bd2c631e8b2249ddc28b89fae14,SOURCE_FOUND,PENDING
DGI-181,DGI-12-A06,iSAFE-DGM-12,REQUIREMENT,6,e777a0565bd4e59c1a56a6da5a2b406d5cd301f3d595c9c468679edfcfc83bf6,SOURCE_FOUND,PENDING
DGI-182,DGI-12-A07,iSAFE-DGM-12,REQUIREMENT,7,5e0f55486b311880a59a4e0e92bca071252d2b7bccad0e3882cd20842fd37311,SOURCE_FOUND,PENDING
DGI-183,DGI-12-A08,iSAFE-DGM-12,REQUIREMENT,8,af19c1342aa7715fb7048f79d65267bc9a5a4541d860017bd9b461260ad52bee,SOURCE_FOUND,PENDING
DGI-184,DGI-12-E01,iSAFE-DGM-12,RISK_SIGNAL,1,d3c6f96712e093fdb12264f8d104fcd40180a11335a564b68cf74d9c1151bca6,SOURCE_FOUND,PENDING
DGI-185,DGI-12-E02,iSAFE-DGM-12,RISK_SIGNAL,2,8fe5396c1968d76a4009388d8107ee458f4e437b15adfa9d5fe502aa7816ef78,SOURCE_FOUND,PENDING
DGI-186,DGI-12-E03,iSAFE-DGM-12,RISK_SIGNAL,3,f6df9ddcf1a51b9e67f6505255c5a55ef9cbb5d709769c4b5bffeace98b2e8aa,SOURCE_FOUND,PENDING
DGI-187,DGI-12-E04,iSAFE-DGM-12,RISK_SIGNAL,4,e7c34fe1d15f8dfdc949eadf1bce630ff8bc70630d298b8809d2b357910a7d66,SOURCE_FOUND,PENDING
DGI-188,DGI-12-E05,iSAFE-DGM-12,RISK_SIGNAL,5,bb4695a620db97970f28bd46def19c0f4aa87ead21874f58f34c6d66aed70df3,SOURCE_FOUND,PENDING
DGI-189,DGI-12-E06,iSAFE-DGM-12,RISK_SIGNAL,6,1385ff54bd0039db6dd189f97d47a567e9ae3d4b1cad21b6b82c6c739d296f57,SOURCE_FOUND,PENDING
DGI-190,DGI-12-E07,iSAFE-DGM-12,RISK_SIGNAL,7,1d65c6c624a37b10ee6ade96a525b9032dba0bb62346bb00deeea21559bada59,SOURCE_FOUND,PENDING
DGI-191,DGI-12-P01,iSAFE-DGM-12,CONTROL,1,3cf5ec5b375e26acb229b867395c87360b0c22a5f77f01c4f54bfd3b351549c1,SOURCE_FOUND,PENDING
DGI-192,DGI-12-P02,iSAFE-DGM-12,CONTROL,2,609f73b3c40ab77527c24793f7b4b3ae4503320fae2d9ccc78e4cd01120b8c54,SOURCE_FOUND,PENDING
DGI-193,DGI-12-P03,iSAFE-DGM-12,CONTROL,3,ebc284c508e8de07b3edc510d2ad6a829b4cd090d5385589569a5dd916c72f32,SOURCE_FOUND,PENDING
DGI-194,DGI-12-P04,iSAFE-DGM-12,CONTROL,4,474e96494331af5accae5defa3fb0ef06d17468d0483427f4459c857bc71f69d,SOURCE_FOUND,PENDING
DGI-195,DGI-12-P05,iSAFE-DGM-12,CONTROL,5,96f5defc455861556292fc3a0ed88088cf5abe7533836a0d698e97b6dc0be534,SOURCE_FOUND,PENDING
DGI-196,DGI-12-P06,iSAFE-DGM-12,CONTROL,6,1194b301a9170468c744f8a849a72dfaf5c08cf7fad0c9df37946f0cbaf667e7,SOURCE_FOUND,PENDING
DGI-197,DGI-12-P07,iSAFE-DGM-12,CONTROL,7,ac79e10e533a55973a64acc10cdb48f19b17542394f9915ab86fbdee88ef3894,SOURCE_FOUND,PENDING
DGI-198,DGI-12-P08,iSAFE-DGM-12,CONTROL,8,62aded499c2ae299d932e5195fe1415e124028fcda0958550e927852671fd99c,SOURCE_FOUND,PENDING
DGI-199,DGI-13-A01,iSAFE-DGM-13,REQUIREMENT,1,4173e4fcf61643cacc1f57a40b45472387374580ed0e696f054fa9b6eee5ab45,SOURCE_FOUND,PENDING
DGI-200,DGI-13-A02,iSAFE-DGM-13,REQUIREMENT,2,4f0cc93c201ef1e2024df10148cf1692798f09e4de9a67ea77812476c86b6252,SOURCE_FOUND,PENDING
DGI-201,DGI-13-A03,iSAFE-DGM-13,REQUIREMENT,3,eb9d2209c08d3a4c294d8c22aa26dff4c77b882bd30cbd254135b2c2ffbc63df,SOURCE_FOUND,PENDING
DGI-202,DGI-13-A04,iSAFE-DGM-13,REQUIREMENT,4,c017857a7e8bf163f504a1a2994475c0cc00a9bb562efacbf6c152746502cc0a,SOURCE_FOUND,PENDING
DGI-203,DGI-13-A05,iSAFE-DGM-13,REQUIREMENT,5,5eee8a20cd32d399858dcd35533f4eeda5435be9527d20d60e1ede67cc2eeb8f,SOURCE_FOUND,PENDING
DGI-204,DGI-13-A06,iSAFE-DGM-13,REQUIREMENT,6,ca4d509d2edc363816d3454f4c37196d4135d06eadefcf4061e03095542f4f65,SOURCE_FOUND,PENDING
DGI-205,DGI-13-A07,iSAFE-DGM-13,REQUIREMENT,7,99316fbbc80e61e578f8e016108ef0e6e503f8dfeab27d14002bf1219f4160e6,SOURCE_FOUND,PENDING
DGI-206,DGI-13-E01,iSAFE-DGM-13,RISK_SIGNAL,1,d99f77baca05a932fc697ca861f8bedcbf093bd5ba5d5e1b68f8a6ca23bf0839,SOURCE_FOUND,PENDING
DGI-207,DGI-13-E02,iSAFE-DGM-13,RISK_SIGNAL,2,75c35e8992b2df78b8de9b8aceafdf3b4da65bbc3db237108e76ee2776632863,SOURCE_FOUND,PENDING
DGI-208,DGI-13-E03,iSAFE-DGM-13,RISK_SIGNAL,3,eba98e38514adf2752ef549907fbe4d17752ba430eb8e48799ca047ac5391e5c,SOURCE_FOUND,PENDING
DGI-209,DGI-13-E04,iSAFE-DGM-13,RISK_SIGNAL,4,c37658f57d31b9955f2a47473cfe5ecd67dd5b4234037dad6b119071316380d5,SOURCE_FOUND,PENDING
DGI-210,DGI-13-E05,iSAFE-DGM-13,RISK_SIGNAL,5,6ee0a8ffcde6c53f6b974e3d2b6dd2d15c957975fbe38a7cd2b266bce1eaecd2,SOURCE_FOUND,PENDING
DGI-211,DGI-13-P01,iSAFE-DGM-13,CONTROL,1,1325c4fcee696dab023bf96836c80f051a6288b44d629a0ee30dc19a8e2b17fb,SOURCE_FOUND,PENDING
DGI-212,DGI-13-P02,iSAFE-DGM-13,CONTROL,2,b4fc3c3717b167f91273a7fc156f6493bc9042ff528c5a8b2446cdeaa61fb7f5,SOURCE_FOUND,PENDING
DGI-213,DGI-13-P03,iSAFE-DGM-13,CONTROL,3,0de343f47d2124f9a6a8d7fb254ab8a45ac0ebe20fe4798cbd43d00d2c4a25c2,SOURCE_FOUND,PENDING
DGI-214,DGI-13-P04,iSAFE-DGM-13,CONTROL,4,7d7671b0d38cdc17233abc500ff3c7904c5bc4402210c796190e81c75d9c4b40,SOURCE_FOUND,PENDING
DGI-215,DGI-13-P05,iSAFE-DGM-13,CONTROL,5,0f8601c6b229a339a7fb854ef2315213af8414bbb2ccc15691d3ca27500f80d4,SOURCE_FOUND,PENDING
DGI-216,DGI-14-A01,iSAFE-DGM-14,REQUIREMENT,1,2aa3d2fdbd7869e01bacd77dfcddee7aea701ec5210bdc1890030db5a82e761e,SOURCE_FOUND,PENDING
DGI-217,DGI-14-A02,iSAFE-DGM-14,REQUIREMENT,2,ca229ffe0ca7bc0810eb68d6ccd9ed489ef71c0188bd625fa87f2ade27ddad27,SOURCE_FOUND,PENDING
DGI-218,DGI-14-A03,iSAFE-DGM-14,REQUIREMENT,3,5f1e0683c98a237b13a3af532dbf8141ac826227ae06050676a72eb1beea4a73,SOURCE_FOUND,PENDING
DGI-219,DGI-14-A04,iSAFE-DGM-14,REQUIREMENT,4,82b7c0515be5bcc63ae5a9619e2b35a37a46d7c691000a550f95abb45963f57f,SOURCE_FOUND,PENDING
DGI-220,DGI-14-A05,iSAFE-DGM-14,REQUIREMENT,5,ac8fa3b00772e8540f3dacf038263d5647dc93a528b74cf34960cb9113ead7cf,SOURCE_FOUND,PENDING
DGI-221,DGI-14-A06,iSAFE-DGM-14,REQUIREMENT,6,65b391b0f76544791318e970b6402baae37f95ef6ccaee9a24146534bc28a77b,SOURCE_FOUND,PENDING
DGI-222,DGI-14-A07,iSAFE-DGM-14,REQUIREMENT,7,e2353958b689619ea02dd24c948f0d7268c4bc81ffdc6c524bdddb29af5976e8,SOURCE_FOUND,PENDING
DGI-223,DGI-14-E01,iSAFE-DGM-14,RISK_SIGNAL,1,c051d4173205d3e22c1589fb010f89cc3de04f7ebcca90dd03da9c8bbd127812,SOURCE_FOUND,PENDING
DGI-224,DGI-14-E02,iSAFE-DGM-14,RISK_SIGNAL,2,7af329b4b881a715841380009cff3fc96f230373e57fe98d77e14ebe22e9e930,SOURCE_FOUND,PENDING
DGI-225,DGI-14-E03,iSAFE-DGM-14,RISK_SIGNAL,3,be96d86d76311255628ceceab0ccbc7a594d7503420a63f9ed953288038b64c5,SOURCE_FOUND,PENDING
DGI-226,DGI-14-E04,iSAFE-DGM-14,RISK_SIGNAL,4,524022b75685ef2520b3ff618ee3affa0f5f47d25249ffdb6904374ad33ffb7e,SOURCE_FOUND,PENDING
DGI-227,DGI-14-E05,iSAFE-DGM-14,RISK_SIGNAL,5,bfee3f83d020574fa9d484098e8643188e910431eb28bb6a3200f1fa2f8a6d0c,SOURCE_FOUND,PENDING
DGI-228,DGI-14-P01,iSAFE-DGM-14,CONTROL,1,fdf747cd334e972a170eff7fd38cfebecc8534f4a87e3fb3ffd0cb6d85ec6b43,SOURCE_FOUND,PENDING
DGI-229,DGI-14-P02,iSAFE-DGM-14,CONTROL,2,ee9fd96e47d74e0cb8459cd28ae3b2e9201c5dce466e81703dda8678be215110,SOURCE_FOUND,PENDING
DGI-230,DGI-14-P03,iSAFE-DGM-14,CONTROL,3,2dd84e9a2a4e8faa766c7cd55ca3f0584719f6c1aeff07af314ca3977e25109d,SOURCE_FOUND,PENDING
DGI-231,DGI-14-P04,iSAFE-DGM-14,CONTROL,4,4da611d357925352e91895820261fbb199be55cf457a2fc59c532f6526614ed6,SOURCE_FOUND,PENDING
DGI-232,DGI-14-P05,iSAFE-DGM-14,CONTROL,5,51521595ec2bde8e4f9ffc1a121cf71293ea25413a1b914273c99434a0a9f638,SOURCE_FOUND,PENDING
DGI-233,DGI-15-A01,iSAFE-DGM-15,REQUIREMENT,1,1170b9a13d8d4244ae108be127511294910979a034b76383615f22177d6ad27d,SOURCE_FOUND,PENDING
DGI-234,DGI-15-A02,iSAFE-DGM-15,REQUIREMENT,2,6a5fa68ff2de958c9f6058952304ec0a066a71ded5de33f0b0863e79cc1c9d0f,SOURCE_FOUND,PENDING
DGI-235,DGI-15-A03,iSAFE-DGM-15,REQUIREMENT,3,e190537944320a639880b4ab1e381a4d651eaad9eac1fea013c14bf7bcdcbf6e,SOURCE_FOUND,PENDING
DGI-236,DGI-15-A04,iSAFE-DGM-15,REQUIREMENT,4,5906d03ce099892766481c5b22955a3e9d01ef7695f1e28d920c7c7a977454e6,SOURCE_FOUND,PENDING
DGI-237,DGI-15-A05,iSAFE-DGM-15,REQUIREMENT,5,2cb20d995d46ea38a87481031b9a981d5dbdbf5d8804ab8692939a1dd4f8f8f0,SOURCE_FOUND,PENDING
DGI-238,DGI-15-A06,iSAFE-DGM-15,REQUIREMENT,6,bdacb3bc904409c0213e53077ffd52b3ccfe02dafb53a04af50a5fd9b1922fda,SOURCE_FOUND,PENDING
DGI-239,DGI-15-A07,iSAFE-DGM-15,REQUIREMENT,7,2c7a9a6798fcf7d76229b8dd99f26957b6b35a677c078d9a1d2adad1f8f2b211,SOURCE_FOUND,PENDING
DGI-240,DGI-15-E01,iSAFE-DGM-15,RISK_SIGNAL,1,609c49a859bea2dac2fcb4869688afd2849e03a749b07d65d48195302b4c1b8f,SOURCE_FOUND,PENDING
DGI-241,DGI-15-E02,iSAFE-DGM-15,RISK_SIGNAL,2,7682ca645cf723e8dacfef5a534156fddc34408434769ff0ff53fbf7f6f6405c,SOURCE_FOUND,PENDING
DGI-242,DGI-15-E03,iSAFE-DGM-15,RISK_SIGNAL,3,f7cf9783c4bb193832aff686343d2545fe88431a48dc7ec428e3719c50c40598,SOURCE_FOUND,PENDING
DGI-243,DGI-15-E04,iSAFE-DGM-15,RISK_SIGNAL,4,132bc619181dd62aac8e114b23e9b197cd502a46512a8364346f8bd5f85e8e06,SOURCE_FOUND,PENDING
DGI-244,DGI-15-E05,iSAFE-DGM-15,RISK_SIGNAL,5,c5ec2c1dab15abab751d38a6786a03d2cff30d084f36c11b382a56e90455ab6b,SOURCE_FOUND,PENDING
DGI-245,DGI-15-E06,iSAFE-DGM-15,RISK_SIGNAL,6,94f505e74c22f00bc2f4a3a80e4db0c3a7393b5e1779f4064b006efda34e1bae,SOURCE_FOUND,PENDING
DGI-246,DGI-15-P01,iSAFE-DGM-15,CONTROL,1,d6433a6d487bf9bec673a2756c6dcc7a24d12927c1c38eec1e27d3210d00b274,SOURCE_FOUND,PENDING
DGI-247,DGI-15-P02,iSAFE-DGM-15,CONTROL,2,4aa8391125984b6270a95c678d9746b099f50380739fae780e6c8f4786a6ccdd,SOURCE_FOUND,PENDING
DGI-248,DGI-15-P03,iSAFE-DGM-15,CONTROL,3,5ad73486738f3f29e92ecde0e21f8a0c02e50155eb0e43ce0b898417c9aad7c4,SOURCE_FOUND,PENDING
DGI-249,DGI-15-P04,iSAFE-DGM-15,CONTROL,4,83a64f9dd4d687354a3336c7bd41a5895149b8457a5af04523a75b8d07fe7339,SOURCE_FOUND,PENDING
DGI-250,DGI-15-P05,iSAFE-DGM-15,CONTROL,5,4dc7a736b3120d7f278a707459df1f5ad63f8bf359c41693ceb73fd294e43b57,SOURCE_FOUND,PENDING
DGI-251,DGI-15-P06,iSAFE-DGM-15,CONTROL,6,14606420d073e565e3221f230ad93fcced88caeb7c1cdce90b2985866cb6c1d9,SOURCE_FOUND,PENDING
DGI-252,DGI-16-A01,iSAFE-DGM-16,REQUIREMENT,1,b2e4ea76b4f61c64d8f871db35270329f543ad38655eaf873eb25e3f7447347d,SOURCE_FOUND,PENDING
DGI-253,DGI-16-A02,iSAFE-DGM-16,REQUIREMENT,2,71f180fde06ba7e32236134f7ea24596278e542ff95b6a6ff576c6ff939d30f2,SOURCE_FOUND,PENDING
DGI-254,DGI-16-A03,iSAFE-DGM-16,REQUIREMENT,3,7ba9ff6625e3f5d1c2931ef4d1665286c1f5f3581021df78783d44b343afa787,SOURCE_FOUND,PENDING
DGI-255,DGI-16-A04,iSAFE-DGM-16,REQUIREMENT,4,2b0ab8f6150af22ff3adfbbf184c6ffdbbbffa5f6b398a82dcc6d8fd4de5a920,SOURCE_FOUND,PENDING
DGI-256,DGI-16-A05,iSAFE-DGM-16,REQUIREMENT,5,fed773d475cba713270bb2152d39688a850b73014b82e24a116e3650cae6c7f4,SOURCE_FOUND,PENDING
DGI-257,DGI-16-A06,iSAFE-DGM-16,REQUIREMENT,6,f9b45da65cd136118f06a065c01cb5c46767482d0f4c2e9352710854490afe06,SOURCE_FOUND,PENDING
DGI-258,DGI-16-A07,iSAFE-DGM-16,REQUIREMENT,7,ea9be06b24da54f5496af6004510e1d480e2985ede7130fafad906198f06fdaf,SOURCE_FOUND,PENDING
DGI-259,DGI-16-E01,iSAFE-DGM-16,RISK_SIGNAL,1,b79637f913ccb30a8612059a43b575dc945a291e1639b7f842f373d252815d54,SOURCE_FOUND,PENDING
DGI-260,DGI-16-E02,iSAFE-DGM-16,RISK_SIGNAL,2,c5dd0d285a8c3c3ca763f0f05e2ce67711d7b7022d777089df635d759bb72cf3,SOURCE_FOUND,PENDING
DGI-261,DGI-16-E03,iSAFE-DGM-16,RISK_SIGNAL,3,06d4e4f86c3fe3bcbb53571bb0709c990feb841444153cc208aaabbee701ae7a,SOURCE_FOUND,PENDING
DGI-262,DGI-16-E04,iSAFE-DGM-16,RISK_SIGNAL,4,c634cabfbd66f2c6a3929dea6cb234c4a33410f568ac0a670e67f4f76b716c9b,SOURCE_FOUND,PENDING
DGI-263,DGI-16-E05,iSAFE-DGM-16,RISK_SIGNAL,5,06226d65766ebfec9d4417bd3c5903a8769e3e2fe1c72aa4dd951ecfcd7efe33,SOURCE_FOUND,PENDING
DGI-264,DGI-16-E06,iSAFE-DGM-16,RISK_SIGNAL,6,4b0aefc1582a3097c61fbdd702a29cc88131c729e67551dc036a11bd70c9cbc1,SOURCE_FOUND,PENDING
DGI-265,DGI-16-P01,iSAFE-DGM-16,CONTROL,1,46a24b4ec83fb19c997a0863da38073148e20c47bf36b3f7d64f97b9c7965dc5,SOURCE_FOUND,PENDING
DGI-266,DGI-16-P02,iSAFE-DGM-16,CONTROL,2,710838b9780d0035338eb727b6641cbd7742f14e13c87a5be172e5289a504c57,SOURCE_FOUND,PENDING
DGI-267,DGI-16-P03,iSAFE-DGM-16,CONTROL,3,8482d147ab811c5c5c83e1cb85cfe68daf31c63083c716b02e8d3e9fdd1d4ffd,SOURCE_FOUND,PENDING
DGI-268,DGI-16-P04,iSAFE-DGM-16,CONTROL,4,f6d0c7fbb129f0c402e7a193b15c06eee0f1e82e7a81b64df63b810052d58144,SOURCE_FOUND,PENDING
DGI-269,DGI-16-P05,iSAFE-DGM-16,CONTROL,5,0821fac5b2401286242a38b37bc63e46cc2f737e6c772817681d620e0a183026,SOURCE_FOUND,PENDING
DGI-270,DGI-16-P06,iSAFE-DGM-16,CONTROL,6,8fbf7d5b4deb5c12df75d1550d92723d405b365180e02769466eeda3a05c2ac7,SOURCE_FOUND,PENDING
DGI-271,DGI-17-A01,iSAFE-DGM-17,REQUIREMENT,1,1431e20a762983cc8632d3b6382d377f01b01a057270d84716544793afa56d85,SOURCE_FOUND,PENDING
DGI-272,DGI-17-A02,iSAFE-DGM-17,REQUIREMENT,2,06e184ade0f6459113fd7e231797a10b3ba82e1290e13557e1ac727b7f534a4d,SOURCE_FOUND,PENDING
DGI-273,DGI-17-A03,iSAFE-DGM-17,REQUIREMENT,3,c8aba7440fd7650592cb0c499b2a24d5a2e59c762f30f359fda9614565a0d507,SOURCE_FOUND,PENDING
DGI-274,DGI-17-A04,iSAFE-DGM-17,REQUIREMENT,4,ed0d654ac8fe28eb6f6ff3b488c1ec23b13ef9c4722e84d118c782f7669430c0,SOURCE_FOUND,PENDING
DGI-275,DGI-17-A05,iSAFE-DGM-17,REQUIREMENT,5,d55bc4ac260c591e547e9243be841844ea28921b5aa6a077340eb941cd300a37,SOURCE_FOUND,PENDING
DGI-276,DGI-17-A06,iSAFE-DGM-17,REQUIREMENT,6,73d4c00891e73b38570143f31a28b61b7314f89d8a2cddb645878d055ad287ce,SOURCE_FOUND,PENDING
DGI-277,DGI-17-A07,iSAFE-DGM-17,REQUIREMENT,7,7a23e712c1af1a688269cc20de22d77453991fc4e88b146183ed6f199364a465,SOURCE_FOUND,PENDING
DGI-278,DGI-17-A08,iSAFE-DGM-17,REQUIREMENT,8,20935e3855469bb719cdd4e2a79df95e7a704dac11ec368183caba84e181e878,SOURCE_FOUND,PENDING
DGI-279,DGI-17-E01,iSAFE-DGM-17,RISK_SIGNAL,1,f86cbb1c8340dd03c7a9aaf6b63e8688de247038f4c70ecc70baafa17d06df85,SOURCE_FOUND,PENDING
DGI-280,DGI-17-E02,iSAFE-DGM-17,RISK_SIGNAL,2,776850630cf392de6c8641b85031b02584b8176c2eab1ab4c79086ebca3fbf71,SOURCE_FOUND,PENDING
DGI-281,DGI-17-E03,iSAFE-DGM-17,RISK_SIGNAL,3,00d12de3cf09b94a0f1fa54db1ce668f57cf77a6eeecb30c6cedecdde0a25c67,SOURCE_FOUND,PENDING
DGI-282,DGI-17-E04,iSAFE-DGM-17,RISK_SIGNAL,4,97a97c30df827dfc8e04f72e7323b8d7832e91c94b399adc132f42dd12c6c4f8,SOURCE_FOUND,PENDING
DGI-283,DGI-17-E05,iSAFE-DGM-17,RISK_SIGNAL,5,bf150c8641ed81ac11000ec2d1bfd7356cabd1bc54d0adee882adf32baf2ef7a,SOURCE_FOUND,PENDING
DGI-284,DGI-17-E06,iSAFE-DGM-17,RISK_SIGNAL,6,279ace1aff2affd032bef8aedc4f5fd575b20cef79ba579bbb5d1441a5a7f7e5,SOURCE_FOUND,PENDING
DGI-285,DGI-17-P01,iSAFE-DGM-17,CONTROL,1,c81e5fedfe975e36237088fc027d27a8ca3aee6ea45528db792fba5850fc256c,SOURCE_FOUND,PENDING
DGI-286,DGI-17-P02,iSAFE-DGM-17,CONTROL,2,989f8b8120458dfee1c97e6b5c43d9786410c192a731b841688543b066ea3b73,SOURCE_FOUND,PENDING
DGI-287,DGI-17-P03,iSAFE-DGM-17,CONTROL,3,7467f31ccf78a57bef0ef26c710b6ce87ac7d15943d4d36225450b45e31f66b4,SOURCE_FOUND,PENDING
DGI-288,DGI-17-P04,iSAFE-DGM-17,CONTROL,4,51851db77a124cb49b934fec3dafe2c9f977e202c49ea9326cdb851ac2e1a6d6,SOURCE_FOUND,PENDING
DGI-289,DGI-17-P05,iSAFE-DGM-17,CONTROL,5,3d776a2749650d4088a7fd95a84735047f9ef62eb80f0c9789bc32fd444e82db,SOURCE_FOUND,PENDING
DGI-290,DGI-17-P06,iSAFE-DGM-17,CONTROL,6,fd6db70eeed082e94c76ef3882d25be158bb951bf93f5d5d58f6e217e8397bb2,SOURCE_FOUND,PENDING
DGI-291,DGI-18-A01,iSAFE-DGM-18,REQUIREMENT,1,46244cc42f3aa3ff52ea5d026e4e363a8a11d859cc01ab8be1940944f863111f,SOURCE_FOUND,PENDING
DGI-292,DGI-18-A02,iSAFE-DGM-18,REQUIREMENT,2,357dc6a20e4cd60e1807075e30434102497f6950c2dc157813f51e4eacc2c456,SOURCE_FOUND,PENDING
DGI-293,DGI-18-A03,iSAFE-DGM-18,REQUIREMENT,3,b155cb7cf49430cf328a5bfd6b8b45159e0c141de06aa9cb9d5b785442267f8b,SOURCE_FOUND,PENDING
DGI-294,DGI-18-A04,iSAFE-DGM-18,REQUIREMENT,4,e98829b9b52d15b275b61693928607a8a84134a8117ffcf19dd112a982ae3f50,SOURCE_FOUND,PENDING
DGI-295,DGI-18-A05,iSAFE-DGM-18,REQUIREMENT,5,42a0fecab0b85292a5ad45a920e8f2e774c2c648d62bf96d32d3efc9a6190d86,SOURCE_FOUND,PENDING
DGI-296,DGI-18-A06,iSAFE-DGM-18,REQUIREMENT,6,d6addbe0f871bad7050d9167854f02965bf9f95848655de6f7a244b7dc5965e6,SOURCE_FOUND,PENDING
DGI-297,DGI-18-E01,iSAFE-DGM-18,RISK_SIGNAL,1,9e78d498fa6d8771fdab2f4d57c53b8282e02d6308fb2f1966b68f95e133ae3f,SOURCE_FOUND,PENDING
DGI-298,DGI-18-E02,iSAFE-DGM-18,RISK_SIGNAL,2,1f83588c0178b7573e60bfa98648807fabe9bfe8980478c50fddc4e65ed409c8,SOURCE_FOUND,PENDING
DGI-299,DGI-18-E03,iSAFE-DGM-18,RISK_SIGNAL,3,b0903f3694f1e019c15f925938283d2b2a8afa725ce3485bb9023c7397218bd0,SOURCE_FOUND,PENDING
DGI-300,DGI-18-E04,iSAFE-DGM-18,RISK_SIGNAL,4,1080bee4a200eb878dcaa286ae645b26ffdc2f73c7d9c653cf0d6282193af011,SOURCE_FOUND,PENDING
DGI-301,DGI-18-E05,iSAFE-DGM-18,RISK_SIGNAL,5,f42f6fe9ad08bab4fcae5fd28ce82f6de5bdf28ca41fa8096230d9fc507d5885,SOURCE_FOUND,PENDING
DGI-302,DGI-18-E06,iSAFE-DGM-18,RISK_SIGNAL,6,6ac810d400555f5e50070188b57a4fbf0676d4cddb4560f027c6728164d8be7a,SOURCE_FOUND,PENDING
DGI-303,DGI-18-P01,iSAFE-DGM-18,CONTROL,1,46a24b4ec83fb19c997a0863da38073148e20c47bf36b3f7d64f97b9c7965dc5,SOURCE_FOUND,PENDING
DGI-304,DGI-18-P02,iSAFE-DGM-18,CONTROL,2,f482973827ee093e2168bce084d72cd9836d942b08c5a4d51e1bdd80bba1d06e,SOURCE_FOUND,PENDING
DGI-305,DGI-18-P03,iSAFE-DGM-18,CONTROL,3,7b0c623c3f1d7876ddac8d76226595574fcba1a49b646a1abb114b0a66adc693,SOURCE_FOUND,PENDING
DGI-306,DGI-18-P04,iSAFE-DGM-18,CONTROL,4,803b958e852ad0f4632583c52b9809a33abaeb0858e36bf04665117718c0caa7,SOURCE_FOUND,PENDING
DGI-307,DGI-18-P05,iSAFE-DGM-18,CONTROL,5,5673bf4953aa2364e30bdd03cce691743a8b29300ccff94e9c92beb947c2a840,SOURCE_FOUND,PENDING
DGI-308,DGI-18-P06,iSAFE-DGM-18,CONTROL,6,bbfe07f34e0b2c88907d086757651b73d45d8563cc8f5d846f9fec051c48b91e,SOURCE_FOUND,PENDING
DGI-309,DGI-19-A01,iSAFE-DGM-19,REQUIREMENT,1,ceee93dd56960f3b7a90f41ce6d160dba5d0d4635414902ebb94b74b8b17e8f9,SOURCE_FOUND,PENDING
DGI-310,DGI-19-A02,iSAFE-DGM-19,REQUIREMENT,2,4f48ab92c2aae8cf2d789dcc52946c474c0b4a2570c4f82e7dfef3de240161a1,SOURCE_FOUND,PENDING
DGI-311,DGI-19-A03,iSAFE-DGM-19,REQUIREMENT,3,de65ead5a5a83698c38957fb802b9d65f33099993a3d1a75b397ef9c42a1047a,SOURCE_FOUND,PENDING
DGI-312,DGI-19-A04,iSAFE-DGM-19,REQUIREMENT,4,6229a262f28aba9c11bac026cd95a8eaeed16590cbe5ed56c288696ba83aab4c,SOURCE_FOUND,PENDING
DGI-313,DGI-19-A05,iSAFE-DGM-19,REQUIREMENT,5,aa0243905797cb71317dbc92cef25c3645e6700f14ed12fdff3ef893e053b098,SOURCE_FOUND,PENDING
DGI-314,DGI-19-A06,iSAFE-DGM-19,REQUIREMENT,6,e464983f5ab05653c34e758e619f1c9e507a374c26cb0ca805138ade08c28fd8,SOURCE_FOUND,PENDING
DGI-315,DGI-19-E01,iSAFE-DGM-19,RISK_SIGNAL,1,183455ec4dc2d7dc71d79dc7d6a6b252d5894b661a9a7ad6bd4aa4b4e5dce694,SOURCE_FOUND,PENDING
DGI-316,DGI-19-E02,iSAFE-DGM-19,RISK_SIGNAL,2,4d763e6b9c2788f9b760e4a0476f650570146726f98a2cca58d0fee1093dd113,SOURCE_FOUND,PENDING
DGI-317,DGI-19-E03,iSAFE-DGM-19,RISK_SIGNAL,3,30eabd162d8e418aaece537c7c125aeebb1c73f9e536a5802ce878306995a090,SOURCE_FOUND,PENDING
DGI-318,DGI-19-E04,iSAFE-DGM-19,RISK_SIGNAL,4,95d84cf949aae993b395eddb28022409ee4cc7fd2b17f15ab6ad18851c52f29a,SOURCE_FOUND,PENDING
DGI-319,DGI-19-E05,iSAFE-DGM-19,RISK_SIGNAL,5,1ab13b2b3b946fedb42a8a2f238f381d5403a3508fd2eeaabd414efb3fd2305c,SOURCE_FOUND,PENDING
DGI-320,DGI-19-E06,iSAFE-DGM-19,RISK_SIGNAL,6,5ec5efb4ea1442cc80ac74f9a4418fa10cf0635f6145f0e18f7431ee7ac6db2c,SOURCE_FOUND,PENDING
DGI-321,DGI-19-P01,iSAFE-DGM-19,CONTROL,1,df94a6d7f305baf873ac6a9740459792107f4f89fd9f561b4a8d17f3a17f301f,SOURCE_FOUND,PENDING
DGI-322,DGI-19-P02,iSAFE-DGM-19,CONTROL,2,46072bbccbf4bad18e9d75a6b730b7ad70c5f441305dfe4f2c44f129ca423c0d,SOURCE_FOUND,PENDING
DGI-323,DGI-19-P03,iSAFE-DGM-19,CONTROL,3,fb21c7637152dd6697680d6dae01d83e5543785da25f52e3dd99e8e3dd594943,SOURCE_FOUND,PENDING
DGI-324,DGI-19-P04,iSAFE-DGM-19,CONTROL,4,c1d294a8e32d24109dadec95057b083126711b164e60739517992a8d7f024227,SOURCE_FOUND,PENDING
DGI-325,DGI-19-P05,iSAFE-DGM-19,CONTROL,5,1f7df12b578ab27a4aaf608b5e6f4b380efb1ed0b2fe8797f0a355bc89685429,SOURCE_FOUND,PENDING
DGI-326,DGI-19-P06,iSAFE-DGM-19,CONTROL,6,a2a9836bfe1509d7e6b4e3354dfb29845c1b03b900912172d7d9ce679cd86369,SOURCE_FOUND,PENDING
DGI-327,DGI-20-A01,iSAFE-DGM-20,REQUIREMENT,1,597c238b1aff44e6832203aa78f9f4548a41c83e1caf78d7c4154270e749d2c5,SOURCE_FOUND,PENDING
DGI-328,DGI-20-A02,iSAFE-DGM-20,REQUIREMENT,2,fa1b32a46a06618aea36ed1ca4c90c6ce00233c3a28d812103e1d93f41fe4369,SOURCE_FOUND,PENDING
DGI-329,DGI-20-A03,iSAFE-DGM-20,REQUIREMENT,3,b96708bbbf62c7281119ea24641c5383e8a6f7b627a116e88bb435f5b5d41ac7,SOURCE_FOUND,PENDING
DGI-330,DGI-20-A04,iSAFE-DGM-20,REQUIREMENT,4,b4ddc1d8e60ae8450b263c8060f71c280fe7129f84b0ebb1d49ef3fe1c31c3f4,SOURCE_FOUND,PENDING
DGI-331,DGI-20-A05,iSAFE-DGM-20,REQUIREMENT,5,f4bd2f1aa0a532e5fa7b7a39336785d926b986a8cdfbdcddf1ac16cdde8dbff6,SOURCE_FOUND,PENDING
DGI-332,DGI-20-A06,iSAFE-DGM-20,REQUIREMENT,6,c86ab222de813ff822ac87a8b5c73ad20f50bce695dfdb112f37704e8468512a,SOURCE_FOUND,PENDING
DGI-333,DGI-20-E01,iSAFE-DGM-20,RISK_SIGNAL,1,af20cc4213cf230bf52f4a60563f1aaf3b80f47d7877e9ac6fbb82d7c0aa4c2a,SOURCE_FOUND,PENDING
DGI-334,DGI-20-E02,iSAFE-DGM-20,RISK_SIGNAL,2,1280395ece1c134be9ae49a8bcf780d126dc7b5d8d00de272674ddf17205b921,SOURCE_FOUND,PENDING
DGI-335,DGI-20-E03,iSAFE-DGM-20,RISK_SIGNAL,3,e315b710f1fef903c4597f320b9697364e30ec9144f1d598c12dd776cbb02c5a,SOURCE_FOUND,PENDING
DGI-336,DGI-20-E04,iSAFE-DGM-20,RISK_SIGNAL,4,445ab48f178a9765cdfa7475844b3c8edc257802c9bc833213ff50b048748cc8,SOURCE_FOUND,PENDING
DGI-337,DGI-20-E05,iSAFE-DGM-20,RISK_SIGNAL,5,c01026b0b960dcf760fe47f2ab5ca411fbdc9cf3f61c28d58e26dc7feb751277,SOURCE_FOUND,PENDING
DGI-338,DGI-20-E06,iSAFE-DGM-20,RISK_SIGNAL,6,a15feadf04eda65f115447bc124fbf2f045464c2d4fa6139984929f5778dda72,SOURCE_FOUND,PENDING
DGI-339,DGI-20-P01,iSAFE-DGM-20,CONTROL,1,d006a431e8a74827ca527662bda01e65fa685e6b477122f53b83d5ac6a3723a6,SOURCE_FOUND,PENDING
DGI-340,DGI-20-P02,iSAFE-DGM-20,CONTROL,2,a889122cb5fdd33af13dee699a555d839a19b50106c43b3c98aa98d84ee613f9,SOURCE_FOUND,PENDING
DGI-341,DGI-20-P03,iSAFE-DGM-20,CONTROL,3,49c2f538cae0cdb1ac5fbbe030da0291f0d9dcd1f2779073099803bc44b04375,SOURCE_FOUND,PENDING
DGI-342,DGI-20-P04,iSAFE-DGM-20,CONTROL,4,614068da8654b8fc74a96af5a63c8006c2e28f0159f186d26ccbeefe405b0fb7,SOURCE_FOUND,PENDING
DGI-343,DGI-20-P05,iSAFE-DGM-20,CONTROL,5,bfdedb5ea58d47d7e4a1d12eca1a363110f325048488d0b2f2f4140a3bc3fa0a,SOURCE_FOUND,PENDING
DGI-344,DGI-20-P06,iSAFE-DGM-20,CONTROL,6,ccb23202b1fd2606caa904341db87a180ea87815318c23b511ebd357b6f6ffd0,SOURCE_FOUND,PENDING
DGI-345,DGI-21-A01,iSAFE-DGM-21,REQUIREMENT,1,69c72481f11a692e2bb03e7497f645772d5c2fd9a53d1e20dede46a79f5df277,SOURCE_FOUND,PENDING
DGI-346,DGI-21-A02,iSAFE-DGM-21,REQUIREMENT,2,1e7f432a58b611fd812aeb989999653a7e951cb21d306f59ac05e6f6a6d6b7dd,SOURCE_FOUND,PENDING
DGI-347,DGI-21-A03,iSAFE-DGM-21,REQUIREMENT,3,8abb6ea41480bf056f9b1b62b63fd68ef425698fb3145717dae0d86442e08211,SOURCE_FOUND,PENDING
DGI-348,DGI-21-A04,iSAFE-DGM-21,REQUIREMENT,4,7190b91fcb7417424b7d7ceb816c7c9688b5ffcd8ba7746809a4096cd9c2fe17,SOURCE_FOUND,PENDING
DGI-349,DGI-21-A05,iSAFE-DGM-21,REQUIREMENT,5,c0d21909cd4ddb55e90266b0bb1f1fcd7a21bf3e1d37d9ddc469455910125f50,SOURCE_FOUND,PENDING
DGI-350,DGI-21-A06,iSAFE-DGM-21,REQUIREMENT,6,47a3bf4158872c45cf819ade9e11f3f740177e57f27919587d1231c7a3946852,SOURCE_FOUND,PENDING
DGI-351,DGI-21-E01,iSAFE-DGM-21,RISK_SIGNAL,1,7a352803bad9a9b1f3ea2109e9e96ad66fbf9b25d750950c36894951f77795e4,SOURCE_FOUND,PENDING
DGI-352,DGI-21-E02,iSAFE-DGM-21,RISK_SIGNAL,2,239941c19cb87c96abc0fde7443c1b9c5e14711386d3a2268397ac2c07aacaa6,SOURCE_FOUND,PENDING
DGI-353,DGI-21-E03,iSAFE-DGM-21,RISK_SIGNAL,3,0195aee910d95585615d53fad8a9f427b09025feb22a44f5150b153ab5a5e668,SOURCE_FOUND,PENDING
DGI-354,DGI-21-E04,iSAFE-DGM-21,RISK_SIGNAL,4,15ece544db48359259d8b1bb745febab43d5925917c77dc99ec58f54ca41284d,SOURCE_FOUND,PENDING
DGI-355,DGI-21-E05,iSAFE-DGM-21,RISK_SIGNAL,5,f03d557a894f2e5dc003115cd9cf505a6658145dafcf061a9a9ff9b7d79f5f65,SOURCE_FOUND,PENDING
DGI-356,DGI-21-E06,iSAFE-DGM-21,RISK_SIGNAL,6,68059f1f2d244654f5f1f8c8b2b9d98346b5866bf02b9cb9655aeee2f78087a3,SOURCE_FOUND,PENDING
DGI-357,DGI-21-P01,iSAFE-DGM-21,CONTROL,1,5de051ba7230a52035f1d8be20ba631c94c5a2d90df1d0d75714e6428f8a2fef,SOURCE_FOUND,PENDING
DGI-358,DGI-21-P02,iSAFE-DGM-21,CONTROL,2,68908314af4b569ae7918ba04ac0cd0d8f5dc44f457765c7f6bb7cf6c244fa1d,SOURCE_FOUND,PENDING
DGI-359,DGI-21-P03,iSAFE-DGM-21,CONTROL,3,b113f418100e9579bd85093f77987b54ca9064ccb34e5c6c7cfe7ae873ac8ed9,SOURCE_FOUND,PENDING
DGI-360,DGI-21-P04,iSAFE-DGM-21,CONTROL,4,a785a51ea27fbb13d92231c6d91a0096884565b11c42734583a75d84293cfa57,SOURCE_FOUND,PENDING
DGI-361,DGI-21-P05,iSAFE-DGM-21,CONTROL,5,67ab27f390ffb4f581725971027274f5b1a4e690448a714470efff1081acffec,SOURCE_FOUND,PENDING
DGI-362,DGI-21-P06,iSAFE-DGM-21,CONTROL,6,3e416c58bf767d992b7aa43353795e870bb3e5c28deebe559ad670fb0014c56c,SOURCE_FOUND,PENDING
DGI-363,DGI-22-A01,iSAFE-DGM-22,REQUIREMENT,1,1efd1fbb8f858ba7a5ac95d083710fd0363317dfcb53cbe6a26342e30d9b8e43,SOURCE_FOUND,PENDING
DGI-364,DGI-22-A02,iSAFE-DGM-22,REQUIREMENT,2,368bd0c9803f26025527fa66f0255aeea44d10abea21d3e92714393dc46f4266,SOURCE_FOUND,PENDING
DGI-365,DGI-22-A03,iSAFE-DGM-22,REQUIREMENT,3,e32d3eda4282f6d270fb503d845bd968ae65ab808912da138608ee0f20090f61,SOURCE_FOUND,PENDING
DGI-366,DGI-22-A04,iSAFE-DGM-22,REQUIREMENT,4,2aa4a1d2c57ec63b7d61f75bccb6e6bcede591dda2aae9f1ce6eafb64326601e,SOURCE_FOUND,PENDING
DGI-367,DGI-22-A05,iSAFE-DGM-22,REQUIREMENT,5,27f15cbe1c4eda3d039e2f1090ec3f4016fc97f4f66950e5a35c4d3e9678fd94,SOURCE_FOUND,PENDING
DGI-368,DGI-22-A06,iSAFE-DGM-22,REQUIREMENT,6,9583311e14c5341181a257e259f38fd4c12dd2980da0e6ad31769ad91a81f998,SOURCE_FOUND,PENDING
DGI-369,DGI-22-E01,iSAFE-DGM-22,RISK_SIGNAL,1,378c78b0ba8f322b599cff260437e15d064b7a2d719b5ff2ee3743735476e168,SOURCE_FOUND,PENDING
DGI-370,DGI-22-E02,iSAFE-DGM-22,RISK_SIGNAL,2,8db9ed414a9a2d463010092f6012d32ded582fcf9d3e78a2dc2f56aa975b9cc1,SOURCE_FOUND,PENDING
DGI-371,DGI-22-E03,iSAFE-DGM-22,RISK_SIGNAL,3,7b66dfd4b4f8f9da4f57bc8644a1cad075b9fca789851ef102e7725e314d58f5,SOURCE_FOUND,PENDING
DGI-372,DGI-22-E04,iSAFE-DGM-22,RISK_SIGNAL,4,bf7dee9087786e2b39aae65f82fcb1aecba9d4fefcff433720cd79691a310f32,SOURCE_FOUND,PENDING
DGI-373,DGI-22-E05,iSAFE-DGM-22,RISK_SIGNAL,5,bb343c41f8c5bec189a5bbbcd4ed4d22ebf23f241f5c85dad1383a7b4438b6b2,SOURCE_FOUND,PENDING
DGI-374,DGI-22-P01,iSAFE-DGM-22,CONTROL,1,05733f68fd3257035fcc0caad210d88f63b3692e82aef0555f295f7f12457ab7,SOURCE_FOUND,PENDING
DGI-375,DGI-22-P02,iSAFE-DGM-22,CONTROL,2,8006c953c77653608cc1bdc0225d2e26fcc629a0ad653f46de31279a6385cba7,SOURCE_FOUND,PENDING
DGI-376,DGI-22-P03,iSAFE-DGM-22,CONTROL,3,1673b4c3edc1aefddef8cd3579a7c011b3342cfd0f30114f8b6bb7bcd83b3da9,SOURCE_FOUND,PENDING
DGI-377,DGI-22-P04,iSAFE-DGM-22,CONTROL,4,ba46f1a413e45b3b8ff086d9e8d11251364af2c0dfa4287129f70061da7e01a7,SOURCE_FOUND,PENDING
DGI-378,DGI-22-P05,iSAFE-DGM-22,CONTROL,5,dd0de5954fd327f578dfeec0779c29cc94525676f5281b88f5052fd52fd95d40,SOURCE_FOUND,PENDING
DGI-379,DGI-23-A01,iSAFE-DGM-23,REQUIREMENT,1,a366d75eb1c373afc00f074c7bd4ecd926e59dcadb716f5db207003ff09a35ba,SOURCE_FOUND,PENDING
DGI-380,DGI-23-A02,iSAFE-DGM-23,REQUIREMENT,2,4533e6a7f4ba22caf4c22a691d08993d6df748310151f53aae4e777d0ad66276,SOURCE_FOUND,PENDING
DGI-381,DGI-23-A03,iSAFE-DGM-23,REQUIREMENT,3,12527efef03d48cf836df6953e726dd9c9bc1d51da9eb1cc0315bb64ff1805a4,SOURCE_FOUND,PENDING
DGI-382,DGI-23-A04,iSAFE-DGM-23,REQUIREMENT,4,77b7383dae16f9feaefd0833ebcf06b0b25eac20faa128462254293298098e43,SOURCE_FOUND,PENDING
DGI-383,DGI-23-A05,iSAFE-DGM-23,REQUIREMENT,5,966b18274f8d0d64599365042b915427b25bcf4c60a6f05451b1c02de4f400bc,SOURCE_FOUND,PENDING
DGI-384,DGI-23-E01,iSAFE-DGM-23,RISK_SIGNAL,1,85bc74c56fe91f1262881ad1cddf790befd381f5c4ad09e45a9f2e9587f3c315,SOURCE_FOUND,PENDING
DGI-385,DGI-23-E02,iSAFE-DGM-23,RISK_SIGNAL,2,77b2d5d4f4da86c696ea5e03359afeed09229c5bb236190c6650d4916b7a0ee5,SOURCE_FOUND,PENDING
DGI-386,DGI-23-E03,iSAFE-DGM-23,RISK_SIGNAL,3,47eec00ce34e19339dcb78e9d49f439d89de0c9dbb1e652f4046e2ee27212e64,SOURCE_FOUND,PENDING
DGI-387,DGI-23-E04,iSAFE-DGM-23,RISK_SIGNAL,4,c6dbe002e84d890ca4d9c1b8bae9f54a09f15b4d1968371d45108ad259d667c5,SOURCE_FOUND,PENDING
DGI-388,DGI-23-E05,iSAFE-DGM-23,RISK_SIGNAL,5,1d7854955e50dc48dd4051fdf3642ffe770e24f543148dd24800b20a64255755,SOURCE_FOUND,PENDING
DGI-389,DGI-23-P01,iSAFE-DGM-23,CONTROL,1,184eb654eaeea08db510c9f534044c42a23924cfe943ba8c3160347dbfa68e29,SOURCE_FOUND,PENDING
DGI-390,DGI-23-P02,iSAFE-DGM-23,CONTROL,2,a8171886488e80fc57a2736dc13495531548df8cc5843a49d76a0b5048340699,SOURCE_FOUND,PENDING
DGI-391,DGI-23-P03,iSAFE-DGM-23,CONTROL,3,6b846c33b1c27b8b18bc08b59abd736eb1723aa3684e24b69cd711a3cf0f257e,SOURCE_FOUND,PENDING
DGI-392,DGI-23-P04,iSAFE-DGM-23,CONTROL,4,70428da6d2f5e496934436b66a01948f123c852629750675d6bfcf0da5e1c40d,SOURCE_FOUND,PENDING
DGI-393,DGI-23-P05,iSAFE-DGM-23,CONTROL,5,7cd42fab9e8bb353054b99ee919c5b7e425b51f57a744f30bfa36642aa6234f2,SOURCE_FOUND,PENDING
DGI-394,DGI-24-A01,iSAFE-DGM-24,REQUIREMENT,1,d532b0eb7e782189a77ce108480476a97846496cd17c05774abdd160d0644d66,SOURCE_FOUND,PENDING
DGI-395,DGI-24-A02,iSAFE-DGM-24,REQUIREMENT,2,d0c7591d71bdf2dea914bb52089039ec7113173ec13d05f66503f28027fdbf8c,SOURCE_FOUND,PENDING
DGI-396,DGI-24-A03,iSAFE-DGM-24,REQUIREMENT,3,a9252cb3ab124fc8b8d575780195d6aa6c021578acaa93901a2ee5685da8bc0c,SOURCE_FOUND,PENDING
DGI-397,DGI-24-A04,iSAFE-DGM-24,REQUIREMENT,4,10a603fc6565670c8e14bf823f7199c4b99a48a0ecef6b5a055a5612e6ca6dcd,SOURCE_FOUND,PENDING
DGI-398,DGI-24-A05,iSAFE-DGM-24,REQUIREMENT,5,a4f139602bf029374e97decb1246f3144c8ed7064b005b681d9c21dc5b85050c,SOURCE_FOUND,PENDING
DGI-399,DGI-24-A06,iSAFE-DGM-24,REQUIREMENT,6,af9585abeb31ff931d8a8c15d9a5a5d73441798901cfe5ff20ababccb11d390c,SOURCE_FOUND,PENDING
DGI-400,DGI-24-E01,iSAFE-DGM-24,RISK_SIGNAL,1,287d350fe43f865386abcb6a8bdc9cc352d7e45c276744bff8ad3e1d81cdb4ea,SOURCE_FOUND,PENDING
DGI-401,DGI-24-E02,iSAFE-DGM-24,RISK_SIGNAL,2,896e9ce4ecba4fd6cef2da24366c0f69e2bef55fe8786dcd94454b97deed4e31,SOURCE_FOUND,PENDING
DGI-402,DGI-24-E03,iSAFE-DGM-24,RISK_SIGNAL,3,252f807db21c1c4ae3fb8f6e27ea89e6ef928db05691d13205ca9b4d718f05bb,SOURCE_FOUND,PENDING
DGI-403,DGI-24-E04,iSAFE-DGM-24,RISK_SIGNAL,4,a6291753555f341e25852687523810301ddb973ac1424491dd750523a9a01d33,SOURCE_FOUND,PENDING
DGI-404,DGI-24-E05,iSAFE-DGM-24,RISK_SIGNAL,5,bd88fa4e95f22940113ec8771d2c6de4be6a7d1df36cc7ebaad7fad7baf16760,SOURCE_FOUND,PENDING
DGI-405,DGI-24-E06,iSAFE-DGM-24,RISK_SIGNAL,6,1d0d45d464fb6694344ee6bb4080d09425a750290e8e1d0cdba9149772c1fc52,SOURCE_FOUND,PENDING
DGI-406,DGI-24-P01,iSAFE-DGM-24,CONTROL,1,8a7ff3440438e8dcbe63e55b4e3524c448064e624caff9d3e7174b0818dff2d9,SOURCE_FOUND,PENDING
DGI-407,DGI-24-P02,iSAFE-DGM-24,CONTROL,2,191d608cae12864711f3fe16c584936b73fb8b447eef70d7e2d418f6ec30ac62,SOURCE_FOUND,PENDING
DGI-408,DGI-24-P03,iSAFE-DGM-24,CONTROL,3,af7e9f38c253e604cbef8d3f458d1e12bd998bda14e046fc4b04d4e3083badbc,SOURCE_FOUND,PENDING
DGI-409,DGI-24-P04,iSAFE-DGM-24,CONTROL,4,5c30f07a3747592969891992803e10856c9cc2c363a9dfc59e7b6fadd13d1d14,SOURCE_FOUND,PENDING
DGI-410,DGI-24-P05,iSAFE-DGM-24,CONTROL,5,98de9aa4a6c6e2516bf8f92a1e088d9511a01c4f09225f0a0a76b15eb0857adc,SOURCE_FOUND,PENDING
DGI-411,DGI-24-P06,iSAFE-DGM-24,CONTROL,6,4337d4f91e3620f2aa5b3badafabcd29a15b67424275fb2975bca783661cde4c,SOURCE_FOUND,PENDING
